QED,Weight,logP,SA,Model
0.8065142405076071,307.24072932289073,2.439960624410364,2.4485479104054244,MOSES
0.804432552726104,308.2280594209507,2.439900412743646,2.4657147405276922,charRNN
0.8049852438828102,306.6822546167692,2.4241412984733,2.6089127540639105,JT-VAE
0.801789110779046,306.8286903268979,2.4721359005179813,2.5205486373824573,LatentGAN
0.8108287704160116,308.15753655975936,2.4887285554061847,2.4888560206987247,DiGress
0.7948816641739401,307.82376531186674,2.5167304555561816,2.558487051876601,Ours
